{
    "Stacked_images" : {
        "Dorsal": "6-118-96 Periglischrus calcariflexus pt F D 20x DIC.jpg",
        "Ventral": "6-118-96 Periglischrus calcariflexus pt F V 20x DIC.jpg"
    },
    "thumbnails": "thumbnails",
    "height": 7942,
    "width": 7936,
    "thumbnails_height": 1500,
    "thumbnails_width": 1499,
    "voxel": [0.0002273,0.0002277,0.002],
    "stack": {
        "Plane000.jpg" : { 
            "PixelRatio" : [0.0002273,0.0002277],
            "SlicePosition" : [0,0,0]
        },
        "Plane001.jpg" : { 
            "PixelRatio" : [0.0002273,0.0002277],
            "SlicePosition" : [0,0,0.002]
        },
        "Plane002.jpg" : { 
            "PixelRatio" : [0.0002273,0.0002277],
            "SlicePosition" : [0,0,0.004]
        },
        "Plane003.jpg" : { 
            "PixelRatio" : [0.0002273,0.0002277],
            "SlicePosition" : [0,0,0.006]
        },
        "Plane004.jpg" : { 
            "PixelRatio" : [0.0002273,0.0002277],
            "SlicePosition" : [0,0,0.008]
        },
        "Plane005.jpg" : { 
            "PixelRatio" : [0.0002273,0.0002277],
            "SlicePosition" : [0,0,0.01]
        },
        "Plane006.jpg" : { 
            "PixelRatio" : [0.0002273,0.0002277],
            "SlicePosition" : [0,0,0.012]
        },
        "Plane007.jpg" : { 
            "PixelRatio" : [0.0002273,0.0002277],
            "SlicePosition" : [0,0,0.014]
        },
        "Plane008.jpg" : { 
            "PixelRatio" : [0.0002273,0.0002277],
            "SlicePosition" : [0,0,0.016]
        },
        "Plane009.jpg" : { 
            "PixelRatio" : [0.0002273,0.0002277],
            "SlicePosition" : [0,0,0.018]
        },
        "Plane010.jpg" : { 
            "PixelRatio" : [0.0002273,0.0002277],
            "SlicePosition" : [0,0,0.02]
        },
        "Plane011.jpg" : { 
            "PixelRatio" : [0.0002273,0.0002277],
            "SlicePosition" : [0,0,0.022]
        },
        "Plane012.jpg" : { 
            "PixelRatio" : [0.0002273,0.0002277],
            "SlicePosition" : [0,0,0.024]
        },
        "Plane013.jpg" : { 
            "PixelRatio" : [0.0002273,0.0002277],
            "SlicePosition" : [0,0,0.026]
        },
        "Plane014.jpg" : { 
            "PixelRatio" : [0.0002273,0.0002277],
            "SlicePosition" : [0,0,0.028]
        },
        "Plane015.jpg" : { 
            "PixelRatio" : [0.0002273,0.0002277],
            "SlicePosition" : [0,0,0.03]
        },
        "Plane016.jpg" : { 
            "PixelRatio" : [0.0002273,0.0002277],
            "SlicePosition" : [0,0,0.032]
        },
        "Plane017.jpg" : { 
            "PixelRatio" : [0.0002273,0.0002277],
            "SlicePosition" : [0,0,0.034]
        },
        "Plane018.jpg" : { 
            "PixelRatio" : [0.0002273,0.0002277],
            "SlicePosition" : [0,0,0.036]
        }
    }
}